--
-- PostgreSQL database dump
--

\restrict KunGsaOc2RtgDO70kVoSehhWWmojccZ6hmcbHHNgU2xXKt9gZ7cFCRFeIp4UQdV

-- Dumped from database version 17.6
-- Dumped by pg_dump version 17.6

SET statement_timeout = 0;
SET lock_timeout = 0;
SET idle_in_transaction_session_timeout = 0;
SET transaction_timeout = 0;
SET client_encoding = 'UTF8';
SET standard_conforming_strings = on;
SELECT pg_catalog.set_config('search_path', '', false);
SET check_function_bodies = false;
SET xmloption = content;
SET client_min_messages = warning;
SET row_security = off;

--
-- Name: 20554021; Type: SCHEMA; Schema: -; Owner: postgres
--

CREATE SCHEMA "20554021";


ALTER SCHEMA "20554021" OWNER TO postgres;

--
-- Name: agama_enum; Type: TYPE; Schema: 20554021; Owner: postgres
--

CREATE TYPE "20554021".agama_enum AS ENUM (
    'Islam',
    'Kristen Protestan',
    'Kristen Katolik',
    'Hindu',
    'Buddha',
    'Khonghucu',
    'Lainnya'
);


ALTER TYPE "20554021".agama_enum OWNER TO postgres;

--
-- Name: jenis_kelamin_enum; Type: TYPE; Schema: 20554021; Owner: postgres
--

CREATE TYPE "20554021".jenis_kelamin_enum AS ENUM (
    'Laki-laki',
    'Perempuan'
);


ALTER TYPE "20554021".jenis_kelamin_enum OWNER TO postgres;

--
-- Name: metode_absensi_enum; Type: TYPE; Schema: 20554021; Owner: postgres
--

CREATE TYPE "20554021".metode_absensi_enum AS ENUM (
    'HARIAN',
    'PER_JAM_PELAJARAN'
);


ALTER TYPE "20554021".metode_absensi_enum OWNER TO postgres;

--
-- Name: semester_enum; Type: TYPE; Schema: 20554021; Owner: postgres
--

CREATE TYPE "20554021".semester_enum AS ENUM (
    'Ganjil',
    'Genap'
);


ALTER TYPE "20554021".semester_enum OWNER TO postgres;

--
-- Name: status_ajaran_enum; Type: TYPE; Schema: 20554021; Owner: postgres
--

CREATE TYPE "20554021".status_ajaran_enum AS ENUM (
    'Aktif',
    'Tidak Aktif'
);


ALTER TYPE "20554021".status_ajaran_enum OWNER TO postgres;

--
-- Name: status_kepegawaian_enum; Type: TYPE; Schema: 20554021; Owner: postgres
--

CREATE TYPE "20554021".status_kepegawaian_enum AS ENUM (
    'Aktif',
    'Cuti',
    'Pindah',
    'Berhenti',
    'Pensiun'
);


ALTER TYPE "20554021".status_kepegawaian_enum OWNER TO postgres;

--
-- Name: status_siswa_enum; Type: TYPE; Schema: 20554021; Owner: postgres
--

CREATE TYPE "20554021".status_siswa_enum AS ENUM (
    'Aktif',
    'Lulus',
    'Pindah',
    'Keluar'
);


ALTER TYPE "20554021".status_siswa_enum OWNER TO postgres;

SET default_tablespace = '';

SET default_table_access_method = heap;

--
-- Name: anggota_kelas; Type: TABLE; Schema: 20554021; Owner: postgres
--

CREATE TABLE "20554021".anggota_kelas (
    id uuid DEFAULT gen_random_uuid() NOT NULL,
    kelas_id uuid NOT NULL,
    student_id uuid NOT NULL,
    created_at timestamp with time zone DEFAULT now()
);


ALTER TABLE "20554021".anggota_kelas OWNER TO postgres;

--
-- Name: fase; Type: TABLE; Schema: 20554021; Owner: postgres
--

CREATE TABLE "20554021".fase (
    id integer NOT NULL,
    nama_fase character varying(100) NOT NULL,
    deskripsi text
);


ALTER TABLE "20554021".fase OWNER TO postgres;

--
-- Name: fase_id_seq; Type: SEQUENCE; Schema: 20554021; Owner: postgres
--

CREATE SEQUENCE "20554021".fase_id_seq
    AS integer
    START WITH 1
    INCREMENT BY 1
    NO MINVALUE
    NO MAXVALUE
    CACHE 1;


ALTER SEQUENCE "20554021".fase_id_seq OWNER TO postgres;

--
-- Name: fase_id_seq; Type: SEQUENCE OWNED BY; Schema: 20554021; Owner: postgres
--

ALTER SEQUENCE "20554021".fase_id_seq OWNED BY "20554021".fase.id;


--
-- Name: jabatan; Type: TABLE; Schema: 20554021; Owner: postgres
--

CREATE TABLE "20554021".jabatan (
    id integer NOT NULL,
    nama_jabatan character varying(100) NOT NULL,
    created_at timestamp with time zone DEFAULT now(),
    updated_at timestamp with time zone DEFAULT now()
);


ALTER TABLE "20554021".jabatan OWNER TO postgres;

--
-- Name: jabatan_id_seq; Type: SEQUENCE; Schema: 20554021; Owner: postgres
--

CREATE SEQUENCE "20554021".jabatan_id_seq
    AS integer
    START WITH 1
    INCREMENT BY 1
    NO MINVALUE
    NO MAXVALUE
    CACHE 1;


ALTER SEQUENCE "20554021".jabatan_id_seq OWNER TO postgres;

--
-- Name: jabatan_id_seq; Type: SEQUENCE OWNED BY; Schema: 20554021; Owner: postgres
--

ALTER SEQUENCE "20554021".jabatan_id_seq OWNED BY "20554021".jabatan.id;


--
-- Name: jenjang_pendidikan; Type: TABLE; Schema: 20554021; Owner: postgres
--

CREATE TABLE "20554021".jenjang_pendidikan (
    id integer NOT NULL,
    nama_jenjang character varying(100) NOT NULL,
    created_at timestamp with time zone DEFAULT now(),
    updated_at timestamp with time zone DEFAULT now()
);


ALTER TABLE "20554021".jenjang_pendidikan OWNER TO postgres;

--
-- Name: jenjang_pendidikan_id_seq; Type: SEQUENCE; Schema: 20554021; Owner: postgres
--

CREATE SEQUENCE "20554021".jenjang_pendidikan_id_seq
    AS integer
    START WITH 1
    INCREMENT BY 1
    NO MINVALUE
    NO MAXVALUE
    CACHE 1;


ALTER SEQUENCE "20554021".jenjang_pendidikan_id_seq OWNER TO postgres;

--
-- Name: jenjang_pendidikan_id_seq; Type: SEQUENCE OWNED BY; Schema: 20554021; Owner: postgres
--

ALTER SEQUENCE "20554021".jenjang_pendidikan_id_seq OWNED BY "20554021".jenjang_pendidikan.id;


--
-- Name: kelas; Type: TABLE; Schema: 20554021; Owner: postgres
--

CREATE TABLE "20554021".kelas (
    id uuid DEFAULT gen_random_uuid() NOT NULL,
    nama_kelas character varying(100) NOT NULL,
    tahun_ajaran_id uuid NOT NULL,
    tingkatan_id integer NOT NULL,
    wali_kelas_id uuid,
    created_at timestamp with time zone DEFAULT now(),
    updated_at timestamp with time zone DEFAULT now()
);


ALTER TABLE "20554021".kelas OWNER TO postgres;

--
-- Name: kelompok_mata_pelajaran; Type: TABLE; Schema: 20554021; Owner: postgres
--

CREATE TABLE "20554021".kelompok_mata_pelajaran (
    id integer NOT NULL,
    nama_kelompok character varying(100) NOT NULL,
    urutan integer DEFAULT 0,
    created_at timestamp with time zone DEFAULT now(),
    updated_at timestamp with time zone DEFAULT now()
);


ALTER TABLE "20554021".kelompok_mata_pelajaran OWNER TO postgres;

--
-- Name: kelompok_mata_pelajaran_id_seq; Type: SEQUENCE; Schema: 20554021; Owner: postgres
--

CREATE SEQUENCE "20554021".kelompok_mata_pelajaran_id_seq
    AS integer
    START WITH 1
    INCREMENT BY 1
    NO MINVALUE
    NO MAXVALUE
    CACHE 1;


ALTER SEQUENCE "20554021".kelompok_mata_pelajaran_id_seq OWNER TO postgres;

--
-- Name: kelompok_mata_pelajaran_id_seq; Type: SEQUENCE OWNED BY; Schema: 20554021; Owner: postgres
--

ALTER SEQUENCE "20554021".kelompok_mata_pelajaran_id_seq OWNED BY "20554021".kelompok_mata_pelajaran.id;


--
-- Name: kurikulum; Type: TABLE; Schema: 20554021; Owner: postgres
--

CREATE TABLE "20554021".kurikulum (
    id integer NOT NULL,
    nama_kurikulum character varying(100) NOT NULL,
    deskripsi text
);


ALTER TABLE "20554021".kurikulum OWNER TO postgres;

--
-- Name: kurikulum_id_seq; Type: SEQUENCE; Schema: 20554021; Owner: postgres
--

CREATE SEQUENCE "20554021".kurikulum_id_seq
    AS integer
    START WITH 1
    INCREMENT BY 1
    NO MINVALUE
    NO MAXVALUE
    CACHE 1;


ALTER SEQUENCE "20554021".kurikulum_id_seq OWNER TO postgres;

--
-- Name: kurikulum_id_seq; Type: SEQUENCE OWNED BY; Schema: 20554021; Owner: postgres
--

ALTER SEQUENCE "20554021".kurikulum_id_seq OWNED BY "20554021".kurikulum.id;


--
-- Name: mata_pelajaran; Type: TABLE; Schema: 20554021; Owner: postgres
--

CREATE TABLE "20554021".mata_pelajaran (
    id uuid DEFAULT gen_random_uuid() NOT NULL,
    kode_mapel character varying(20) NOT NULL,
    nama_mapel character varying(100) NOT NULL,
    created_at timestamp with time zone DEFAULT now(),
    updated_at timestamp with time zone DEFAULT now(),
    parent_id uuid,
    urutan integer DEFAULT 0,
    kelompok_id integer
);


ALTER TABLE "20554021".mata_pelajaran OWNER TO postgres;

--
-- Name: materi_pembelajaran; Type: TABLE; Schema: 20554021; Owner: postgres
--

CREATE TABLE "20554021".materi_pembelajaran (
    id integer NOT NULL,
    pengajar_kelas_id uuid NOT NULL,
    nama_materi character varying(255) NOT NULL,
    deskripsi text,
    urutan integer DEFAULT 0,
    created_at timestamp with time zone DEFAULT now(),
    updated_at timestamp with time zone DEFAULT now()
);


ALTER TABLE "20554021".materi_pembelajaran OWNER TO postgres;

--
-- Name: materi_pembelajaran_id_seq; Type: SEQUENCE; Schema: 20554021; Owner: postgres
--

CREATE SEQUENCE "20554021".materi_pembelajaran_id_seq
    AS integer
    START WITH 1
    INCREMENT BY 1
    NO MINVALUE
    NO MAXVALUE
    CACHE 1;


ALTER SEQUENCE "20554021".materi_pembelajaran_id_seq OWNER TO postgres;

--
-- Name: materi_pembelajaran_id_seq; Type: SEQUENCE OWNED BY; Schema: 20554021; Owner: postgres
--

ALTER SEQUENCE "20554021".materi_pembelajaran_id_seq OWNED BY "20554021".materi_pembelajaran.id;


--
-- Name: pemetaan_kurikulum; Type: TABLE; Schema: 20554021; Owner: postgres
--

CREATE TABLE "20554021".pemetaan_kurikulum (
    tahun_ajaran_id uuid NOT NULL,
    kurikulum_id integer NOT NULL,
    tingkatan_id integer NOT NULL,
    fase_id integer NOT NULL
);


ALTER TABLE "20554021".pemetaan_kurikulum OWNER TO postgres;

--
-- Name: pengajar_kelas; Type: TABLE; Schema: 20554021; Owner: postgres
--

CREATE TABLE "20554021".pengajar_kelas (
    id uuid DEFAULT gen_random_uuid() NOT NULL,
    kelas_id uuid NOT NULL,
    teacher_id uuid NOT NULL,
    mata_pelajaran_id uuid NOT NULL,
    created_at timestamp with time zone DEFAULT now()
);


ALTER TABLE "20554021".pengajar_kelas OWNER TO postgres;

--
-- Name: penilaian; Type: TABLE; Schema: 20554021; Owner: postgres
--

CREATE TABLE "20554021".penilaian (
    id integer NOT NULL,
    anggota_kelas_id uuid NOT NULL,
    tujuan_pembelajaran_id integer NOT NULL,
    nilai numeric(5,2),
    created_at timestamp with time zone DEFAULT now(),
    updated_at timestamp with time zone DEFAULT now()
);


ALTER TABLE "20554021".penilaian OWNER TO postgres;

--
-- Name: penilaian_id_seq; Type: SEQUENCE; Schema: 20554021; Owner: postgres
--

CREATE SEQUENCE "20554021".penilaian_id_seq
    AS integer
    START WITH 1
    INCREMENT BY 1
    NO MINVALUE
    NO MAXVALUE
    CACHE 1;


ALTER SEQUENCE "20554021".penilaian_id_seq OWNER TO postgres;

--
-- Name: penilaian_id_seq; Type: SEQUENCE OWNED BY; Schema: 20554021; Owner: postgres
--

ALTER SEQUENCE "20554021".penilaian_id_seq OWNED BY "20554021".penilaian.id;


--
-- Name: profil_sekolah; Type: TABLE; Schema: 20554021; Owner: postgres
--

CREATE TABLE "20554021".profil_sekolah (
    id integer DEFAULT 1 NOT NULL,
    npsn character varying(10),
    nama_sekolah character varying(255) NOT NULL,
    naungan character varying(255),
    alamat text,
    kelurahan character varying(100),
    kecamatan character varying(100),
    kota_kabupaten character varying(100),
    provinsi character varying(100),
    kode_pos character varying(5),
    telepon character varying(20),
    email character varying(255),
    website character varying(255),
    kepala_sekolah character varying(255),
    jenjang_id integer
);


ALTER TABLE "20554021".profil_sekolah OWNER TO postgres;

--
-- Name: riwayat_akademik; Type: TABLE; Schema: 20554021; Owner: postgres
--

CREATE TABLE "20554021".riwayat_akademik (
    id uuid DEFAULT gen_random_uuid() NOT NULL,
    student_id uuid NOT NULL,
    status "20554021".status_siswa_enum NOT NULL,
    tanggal_kejadian date DEFAULT CURRENT_DATE NOT NULL,
    kelas_tingkat character varying(50),
    keterangan text,
    created_at timestamp with time zone DEFAULT now(),
    updated_at timestamp with time zone DEFAULT now()
);


ALTER TABLE "20554021".riwayat_akademik OWNER TO postgres;

--
-- Name: riwayat_kepegawaian; Type: TABLE; Schema: 20554021; Owner: postgres
--

CREATE TABLE "20554021".riwayat_kepegawaian (
    id uuid DEFAULT gen_random_uuid() NOT NULL,
    teacher_id uuid NOT NULL,
    status "20554021".status_kepegawaian_enum NOT NULL,
    tanggal_mulai date NOT NULL,
    tanggal_selesai date,
    keterangan text,
    created_at timestamp with time zone DEFAULT now(),
    updated_at timestamp with time zone DEFAULT now()
);


ALTER TABLE "20554021".riwayat_kepegawaian OWNER TO postgres;

--
-- Name: students; Type: TABLE; Schema: 20554021; Owner: postgres
--

CREATE TABLE "20554021".students (
    id uuid DEFAULT gen_random_uuid() NOT NULL,
    created_at timestamp with time zone DEFAULT now(),
    updated_at timestamp with time zone DEFAULT now(),
    nis character varying(30),
    nisn character varying(20),
    nomor_ujian_sekolah character varying(50),
    nama_lengkap character varying(255) NOT NULL,
    nama_panggilan character varying(100),
    jenis_kelamin "20554021".jenis_kelamin_enum,
    tempat_lahir character varying(100),
    tanggal_lahir date,
    agama "20554021".agama_enum,
    kewarganegaraan character varying(50) DEFAULT 'Indonesia'::character varying,
    alamat_lengkap text,
    desa_kelurahan character varying(100),
    kecamatan character varying(100),
    kota_kabupaten character varying(100),
    provinsi character varying(100),
    kode_pos character varying(10),
    nama_ayah character varying(255),
    nama_ibu character varying(255),
    nama_wali character varying(255),
    nomor_kontak_wali character varying(20)
);


ALTER TABLE "20554021".students OWNER TO postgres;

--
-- Name: tahun_ajaran; Type: TABLE; Schema: 20554021; Owner: postgres
--

CREATE TABLE "20554021".tahun_ajaran (
    id uuid DEFAULT gen_random_uuid() NOT NULL,
    nama_tahun_ajaran character varying(50) NOT NULL,
    semester "20554021".semester_enum NOT NULL,
    status "20554021".status_ajaran_enum DEFAULT 'Tidak Aktif'::"20554021".status_ajaran_enum NOT NULL,
    metode_absensi "20554021".metode_absensi_enum DEFAULT 'HARIAN'::"20554021".metode_absensi_enum NOT NULL,
    kepala_sekolah_id uuid,
    created_at timestamp with time zone DEFAULT now(),
    updated_at timestamp with time zone DEFAULT now()
);


ALTER TABLE "20554021".tahun_ajaran OWNER TO postgres;

--
-- Name: tahun_ajaran_kurikulum; Type: TABLE; Schema: 20554021; Owner: postgres
--

CREATE TABLE "20554021".tahun_ajaran_kurikulum (
    tahun_ajaran_id uuid NOT NULL,
    kurikulum_id integer NOT NULL
);


ALTER TABLE "20554021".tahun_ajaran_kurikulum OWNER TO postgres;

--
-- Name: teachers; Type: TABLE; Schema: 20554021; Owner: postgres
--

CREATE TABLE "20554021".teachers (
    id uuid NOT NULL,
    user_id uuid NOT NULL,
    nama_lengkap character varying(255) NOT NULL,
    nip_nuptk character varying(30),
    alamat_lengkap text,
    no_hp character varying(20),
    created_at timestamp with time zone DEFAULT now(),
    updated_at timestamp with time zone DEFAULT now(),
    nama_panggilan character varying(100),
    gelar_akademik character varying(100),
    jenis_kelamin "20554021".jenis_kelamin_enum,
    tempat_lahir character varying(100),
    tanggal_lahir date,
    agama character varying(50),
    kewarganegaraan character varying(50),
    provinsi character varying(100),
    kota_kabupaten character varying(100),
    kecamatan character varying(100),
    desa_kelurahan character varying(100),
    kode_pos character varying(10)
);


ALTER TABLE "20554021".teachers OWNER TO postgres;

--
-- Name: tingkatan; Type: TABLE; Schema: 20554021; Owner: postgres
--

CREATE TABLE "20554021".tingkatan (
    id integer NOT NULL,
    nama_tingkatan character varying(100) NOT NULL,
    urutan integer,
    created_at timestamp with time zone DEFAULT now(),
    updated_at timestamp with time zone DEFAULT now()
);


ALTER TABLE "20554021".tingkatan OWNER TO postgres;

--
-- Name: tingkatan_id_seq; Type: SEQUENCE; Schema: 20554021; Owner: postgres
--

CREATE SEQUENCE "20554021".tingkatan_id_seq
    AS integer
    START WITH 1
    INCREMENT BY 1
    NO MINVALUE
    NO MAXVALUE
    CACHE 1;


ALTER SEQUENCE "20554021".tingkatan_id_seq OWNER TO postgres;

--
-- Name: tingkatan_id_seq; Type: SEQUENCE OWNED BY; Schema: 20554021; Owner: postgres
--

ALTER SEQUENCE "20554021".tingkatan_id_seq OWNED BY "20554021".tingkatan.id;


--
-- Name: tujuan_pembelajaran; Type: TABLE; Schema: 20554021; Owner: postgres
--

CREATE TABLE "20554021".tujuan_pembelajaran (
    id integer NOT NULL,
    materi_pembelajaran_id integer NOT NULL,
    deskripsi_tujuan text NOT NULL,
    urutan integer DEFAULT 0,
    created_at timestamp with time zone DEFAULT now(),
    updated_at timestamp with time zone DEFAULT now()
);


ALTER TABLE "20554021".tujuan_pembelajaran OWNER TO postgres;

--
-- Name: tujuan_pembelajaran_id_seq; Type: SEQUENCE; Schema: 20554021; Owner: postgres
--

CREATE SEQUENCE "20554021".tujuan_pembelajaran_id_seq
    AS integer
    START WITH 1
    INCREMENT BY 1
    NO MINVALUE
    NO MAXVALUE
    CACHE 1;


ALTER SEQUENCE "20554021".tujuan_pembelajaran_id_seq OWNER TO postgres;

--
-- Name: tujuan_pembelajaran_id_seq; Type: SEQUENCE OWNED BY; Schema: 20554021; Owner: postgres
--

ALTER SEQUENCE "20554021".tujuan_pembelajaran_id_seq OWNED BY "20554021".tujuan_pembelajaran.id;


--
-- Name: users; Type: TABLE; Schema: 20554021; Owner: postgres
--

CREATE TABLE "20554021".users (
    id uuid NOT NULL,
    email character varying(255) NOT NULL,
    password_hash character varying(255) NOT NULL,
    role character varying(50) NOT NULL,
    created_at timestamp with time zone DEFAULT now(),
    updated_at timestamp with time zone DEFAULT now()
);


ALTER TABLE "20554021".users OWNER TO postgres;

--
-- Name: naungan; Type: TABLE; Schema: public; Owner: postgres
--

CREATE TABLE public.naungan (
    id uuid DEFAULT gen_random_uuid() NOT NULL,
    nama_naungan character varying(255) NOT NULL,
    created_at timestamp with time zone DEFAULT now(),
    updated_at timestamp with time zone DEFAULT now()
);


ALTER TABLE public.naungan OWNER TO postgres;

--
-- Name: tenants; Type: TABLE; Schema: public; Owner: postgres
--

CREATE TABLE public.tenants (
    id uuid DEFAULT gen_random_uuid() NOT NULL,
    nama_sekolah character varying(255) NOT NULL,
    schema_name character varying(50) NOT NULL,
    created_at timestamp with time zone DEFAULT now() NOT NULL,
    updated_at timestamp with time zone DEFAULT now() NOT NULL,
    naungan_id uuid
);


ALTER TABLE public.tenants OWNER TO postgres;

--
-- Name: users; Type: TABLE; Schema: public; Owner: postgres
--

CREATE TABLE public.users (
    id uuid NOT NULL,
    email character varying(255) NOT NULL,
    password_hash character varying(255) NOT NULL,
    role character varying(50) NOT NULL,
    created_at timestamp with time zone DEFAULT now(),
    updated_at timestamp with time zone DEFAULT now()
);


ALTER TABLE public.users OWNER TO postgres;

--
-- Name: fase id; Type: DEFAULT; Schema: 20554021; Owner: postgres
--

ALTER TABLE ONLY "20554021".fase ALTER COLUMN id SET DEFAULT nextval('"20554021".fase_id_seq'::regclass);


--
-- Name: jabatan id; Type: DEFAULT; Schema: 20554021; Owner: postgres
--

ALTER TABLE ONLY "20554021".jabatan ALTER COLUMN id SET DEFAULT nextval('"20554021".jabatan_id_seq'::regclass);


--
-- Name: jenjang_pendidikan id; Type: DEFAULT; Schema: 20554021; Owner: postgres
--

ALTER TABLE ONLY "20554021".jenjang_pendidikan ALTER COLUMN id SET DEFAULT nextval('"20554021".jenjang_pendidikan_id_seq'::regclass);


--
-- Name: kelompok_mata_pelajaran id; Type: DEFAULT; Schema: 20554021; Owner: postgres
--

ALTER TABLE ONLY "20554021".kelompok_mata_pelajaran ALTER COLUMN id SET DEFAULT nextval('"20554021".kelompok_mata_pelajaran_id_seq'::regclass);


--
-- Name: kurikulum id; Type: DEFAULT; Schema: 20554021; Owner: postgres
--

ALTER TABLE ONLY "20554021".kurikulum ALTER COLUMN id SET DEFAULT nextval('"20554021".kurikulum_id_seq'::regclass);


--
-- Name: materi_pembelajaran id; Type: DEFAULT; Schema: 20554021; Owner: postgres
--

ALTER TABLE ONLY "20554021".materi_pembelajaran ALTER COLUMN id SET DEFAULT nextval('"20554021".materi_pembelajaran_id_seq'::regclass);


--
-- Name: penilaian id; Type: DEFAULT; Schema: 20554021; Owner: postgres
--

ALTER TABLE ONLY "20554021".penilaian ALTER COLUMN id SET DEFAULT nextval('"20554021".penilaian_id_seq'::regclass);


--
-- Name: tingkatan id; Type: DEFAULT; Schema: 20554021; Owner: postgres
--

ALTER TABLE ONLY "20554021".tingkatan ALTER COLUMN id SET DEFAULT nextval('"20554021".tingkatan_id_seq'::regclass);


--
-- Name: tujuan_pembelajaran id; Type: DEFAULT; Schema: 20554021; Owner: postgres
--

ALTER TABLE ONLY "20554021".tujuan_pembelajaran ALTER COLUMN id SET DEFAULT nextval('"20554021".tujuan_pembelajaran_id_seq'::regclass);


--
-- Data for Name: anggota_kelas; Type: TABLE DATA; Schema: 20554021; Owner: postgres
--

COPY "20554021".anggota_kelas (id, kelas_id, student_id, created_at) FROM stdin;
9afa9bc0-2f35-4c0a-82c7-9260ac0f0ad6	9c32fd0e-74ad-473c-a63b-20d1281a3cea	a1e5f402-c8c8-4af0-9635-7c03c6de3413	2025-09-25 17:39:55.837312+07
\.


--
-- Data for Name: fase; Type: TABLE DATA; Schema: 20554021; Owner: postgres
--

COPY "20554021".fase (id, nama_fase, deskripsi) FROM stdin;
1	Fase A	
\.


--
-- Data for Name: jabatan; Type: TABLE DATA; Schema: 20554021; Owner: postgres
--

COPY "20554021".jabatan (id, nama_jabatan, created_at, updated_at) FROM stdin;
1	Kepala Sekolah	2025-09-25 17:05:07.358615+07	2025-09-25 17:05:07.358615+07
2	Wakil Kepala Sekolah	2025-09-25 17:05:07.358615+07	2025-09-25 17:05:07.358615+07
3	Guru Kelas	2025-09-25 17:05:07.358615+07	2025-09-25 17:05:07.358615+07
4	Guru Mata Pelajaran	2025-09-25 17:05:07.358615+07	2025-09-25 17:05:07.358615+07
5	Staf Tata Usaha	2025-09-25 17:05:07.358615+07	2025-09-25 17:05:07.358615+07
\.


--
-- Data for Name: jenjang_pendidikan; Type: TABLE DATA; Schema: 20554021; Owner: postgres
--

COPY "20554021".jenjang_pendidikan (id, nama_jenjang, created_at, updated_at) FROM stdin;
1	SD/MI	2025-09-25 17:05:07.358615+07	2025-09-25 17:05:07.358615+07
2	SMP/MTs	2025-09-25 17:05:07.358615+07	2025-09-25 17:05:07.358615+07
3	SMA/MA	2025-09-25 17:05:07.358615+07	2025-09-25 17:05:07.358615+07
4	SMK	2025-09-25 17:05:07.358615+07	2025-09-25 17:05:07.358615+07
\.


--
-- Data for Name: kelas; Type: TABLE DATA; Schema: 20554021; Owner: postgres
--

COPY "20554021".kelas (id, nama_kelas, tahun_ajaran_id, tingkatan_id, wali_kelas_id, created_at, updated_at) FROM stdin;
9c32fd0e-74ad-473c-a63b-20d1281a3cea	Kelas 1A	3bf1efd7-db94-429e-bf28-97b28728cadf	1	2ef8683d-b3bb-41cf-8366-38e6cd7b221b	2025-09-25 17:39:49.757164+07	2025-09-25 17:39:49.757164+07
\.


--
-- Data for Name: kelompok_mata_pelajaran; Type: TABLE DATA; Schema: 20554021; Owner: postgres
--

COPY "20554021".kelompok_mata_pelajaran (id, nama_kelompok, urutan, created_at, updated_at) FROM stdin;
5	Mata Pelajaran Umum	1	2025-09-25 17:10:25.514072+07	2025-09-25 17:10:25.514072+07
6	Muatan Lokal	2	2025-09-25 17:13:46.70764+07	2025-09-25 17:13:58.896806+07
\.


--
-- Data for Name: kurikulum; Type: TABLE DATA; Schema: 20554021; Owner: postgres
--

COPY "20554021".kurikulum (id, nama_kurikulum, deskripsi) FROM stdin;
1	Kurikulum Merdeka	
\.


--
-- Data for Name: mata_pelajaran; Type: TABLE DATA; Schema: 20554021; Owner: postgres
--

COPY "20554021".mata_pelajaran (id, kode_mapel, nama_mapel, created_at, updated_at, parent_id, urutan, kelompok_id) FROM stdin;
26776193-469b-4374-995c-535950d5222b	MTK	Matematika	2025-09-25 17:20:46.265141+07	2025-09-25 17:20:46.265141+07	\N	3	5
14539f67-6356-4f0f-bcea-ded4ea3689da	IPAS	Ilmu Pengetahuan Alam dan Sosial	2025-09-25 17:21:01.028718+07	2025-09-25 17:21:01.028718+07	\N	4	5
b6545d5b-4d65-4239-b63f-15f9ef4628c8	PAI	Pendidikan Agama Islam	2025-09-25 17:21:18.502879+07	2025-09-25 17:21:18.502879+07	\N	1	5
d29a0610-c0ca-4b27-9364-97f291819fc0	Fiqih	Fiqih	2025-09-25 21:01:16.224853+07	2025-09-25 21:01:16.224853+07	b6545d5b-4d65-4239-b63f-15f9ef4628c8	1	5
fbffed35-6808-4ea4-beea-c2ee0b1e2492	Aqidah 	Aqidah Akhlaq	2025-09-25 21:01:36.736061+07	2025-09-25 21:01:36.736061+07	b6545d5b-4d65-4239-b63f-15f9ef4628c8	2	5
431fa98a-d47a-46b9-8026-8caaf4b0b031	Badar	Bahasa Daerah	2025-09-25 17:32:38.320999+07	2025-09-25 17:32:38.320999+07	\N	1	6
dd566167-375c-47f4-996b-50f2f5f65b00	TIK	Teknologi Informasi dan Komunikasi	2025-09-25 17:33:22.915611+07	2025-09-25 17:33:22.915611+07	\N	2	6
\.


--
-- Data for Name: materi_pembelajaran; Type: TABLE DATA; Schema: 20554021; Owner: postgres
--

COPY "20554021".materi_pembelajaran (id, pengajar_kelas_id, nama_materi, deskripsi, urutan, created_at, updated_at) FROM stdin;
\.


--
-- Data for Name: pemetaan_kurikulum; Type: TABLE DATA; Schema: 20554021; Owner: postgres
--

COPY "20554021".pemetaan_kurikulum (tahun_ajaran_id, kurikulum_id, tingkatan_id, fase_id) FROM stdin;
3bf1efd7-db94-429e-bf28-97b28728cadf	1	1	1
\.


--
-- Data for Name: pengajar_kelas; Type: TABLE DATA; Schema: 20554021; Owner: postgres
--

COPY "20554021".pengajar_kelas (id, kelas_id, teacher_id, mata_pelajaran_id, created_at) FROM stdin;
c376e950-7085-4ad6-9f1d-ce17e0089231	9c32fd0e-74ad-473c-a63b-20d1281a3cea	2ef8683d-b3bb-41cf-8366-38e6cd7b221b	14539f67-6356-4f0f-bcea-ded4ea3689da	2025-09-25 17:40:22.844599+07
\.


--
-- Data for Name: penilaian; Type: TABLE DATA; Schema: 20554021; Owner: postgres
--

COPY "20554021".penilaian (id, anggota_kelas_id, tujuan_pembelajaran_id, nilai, created_at, updated_at) FROM stdin;
\.


--
-- Data for Name: profil_sekolah; Type: TABLE DATA; Schema: 20554021; Owner: postgres
--

COPY "20554021".profil_sekolah (id, npsn, nama_sekolah, naungan, alamat, kelurahan, kecamatan, kota_kabupaten, provinsi, kode_pos, telepon, email, website, kepala_sekolah, jenjang_id) FROM stdin;
1	\N	SD NU 03 NURUL HUDA	\N	\N	\N	\N	\N	\N	\N	\N	\N	\N	\N	\N
\.


--
-- Data for Name: riwayat_akademik; Type: TABLE DATA; Schema: 20554021; Owner: postgres
--

COPY "20554021".riwayat_akademik (id, student_id, status, tanggal_kejadian, kelas_tingkat, keterangan, created_at, updated_at) FROM stdin;
8df3403a-1965-401e-ad4b-e91c28d6cf99	a1e5f402-c8c8-4af0-9635-7c03c6de3413	Aktif	2025-09-25	\N	Siswa baru	2025-09-25 17:39:41.361834+07	2025-09-25 17:39:41.361834+07
\.


--
-- Data for Name: riwayat_kepegawaian; Type: TABLE DATA; Schema: 20554021; Owner: postgres
--

COPY "20554021".riwayat_kepegawaian (id, teacher_id, status, tanggal_mulai, tanggal_selesai, keterangan, created_at, updated_at) FROM stdin;
874d3bff-d146-4229-abaf-480676ee037c	d4017068-5815-4ab0-b873-4d6c0e5ca389	Aktif	2025-09-25	\N	\N	2025-09-25 17:05:07.358615+07	2025-09-25 17:05:07.358615+07
b793dff6-8a40-40e0-b866-7c9c8e6d47dd	2ef8683d-b3bb-41cf-8366-38e6cd7b221b	Aktif	2025-09-25	\N	\N	2025-09-25 17:39:25.944342+07	2025-09-25 17:39:25.944342+07
\.


--
-- Data for Name: students; Type: TABLE DATA; Schema: 20554021; Owner: postgres
--

COPY "20554021".students (id, created_at, updated_at, nis, nisn, nomor_ujian_sekolah, nama_lengkap, nama_panggilan, jenis_kelamin, tempat_lahir, tanggal_lahir, agama, kewarganegaraan, alamat_lengkap, desa_kelurahan, kecamatan, kota_kabupaten, provinsi, kode_pos, nama_ayah, nama_ibu, nama_wali, nomor_kontak_wali) FROM stdin;
a1e5f402-c8c8-4af0-9635-7c03c6de3413	2025-09-25 17:39:41.361834+07	2025-09-25 17:39:41.361834+07	\N	\N	\N	Jokowi	\N	Laki-laki	\N	\N	\N	\N	\N	\N	\N	\N	\N	\N	\N	\N	\N	\N
\.


--
-- Data for Name: tahun_ajaran; Type: TABLE DATA; Schema: 20554021; Owner: postgres
--

COPY "20554021".tahun_ajaran (id, nama_tahun_ajaran, semester, status, metode_absensi, kepala_sekolah_id, created_at, updated_at) FROM stdin;
3bf1efd7-db94-429e-bf28-97b28728cadf	2024/2025	Ganjil	Aktif	HARIAN	\N	2025-09-25 17:38:52.548935+07	2025-09-25 17:38:52.548935+07
\.


--
-- Data for Name: tahun_ajaran_kurikulum; Type: TABLE DATA; Schema: 20554021; Owner: postgres
--

COPY "20554021".tahun_ajaran_kurikulum (tahun_ajaran_id, kurikulum_id) FROM stdin;
3bf1efd7-db94-429e-bf28-97b28728cadf	1
\.


--
-- Data for Name: teachers; Type: TABLE DATA; Schema: 20554021; Owner: postgres
--

COPY "20554021".teachers (id, user_id, nama_lengkap, nip_nuptk, alamat_lengkap, no_hp, created_at, updated_at, nama_panggilan, gelar_akademik, jenis_kelamin, tempat_lahir, tanggal_lahir, agama, kewarganegaraan, provinsi, kota_kabupaten, kecamatan, desa_kelurahan, kode_pos) FROM stdin;
d4017068-5815-4ab0-b873-4d6c0e5ca389	eeb9de7f-6444-4db7-a997-532c34fc2738	Admin Nurul Huda	\N	\N	\N	2025-09-25 17:05:07.358615+07	2025-09-25 17:05:07.358615+07	\N	\N	\N	\N	\N	\N	\N	\N	\N	\N	\N	\N
2ef8683d-b3bb-41cf-8366-38e6cd7b221b	906317cf-6c3a-4dc7-93ce-eb88c31cb609	Fahmi	\N	\N	\N	2025-09-25 17:39:25.944342+07	2025-09-25 17:39:25.944342+07	\N	\N	Laki-laki	\N	\N	\N	Indonesia	\N	\N	\N	\N	\N
\.


--
-- Data for Name: tingkatan; Type: TABLE DATA; Schema: 20554021; Owner: postgres
--

COPY "20554021".tingkatan (id, nama_tingkatan, urutan, created_at, updated_at) FROM stdin;
1	Kelas 1	1	2025-09-25 17:05:07.358615+07	2025-09-25 17:05:07.358615+07
2	Kelas 2	2	2025-09-25 17:05:07.358615+07	2025-09-25 17:05:07.358615+07
3	Kelas 3	3	2025-09-25 17:05:07.358615+07	2025-09-25 17:05:07.358615+07
4	Kelas 4	4	2025-09-25 17:05:07.358615+07	2025-09-25 17:05:07.358615+07
5	Kelas 5	5	2025-09-25 17:05:07.358615+07	2025-09-25 17:05:07.358615+07
6	Kelas 6	6	2025-09-25 17:05:07.358615+07	2025-09-25 17:05:07.358615+07
\.


--
-- Data for Name: tujuan_pembelajaran; Type: TABLE DATA; Schema: 20554021; Owner: postgres
--

COPY "20554021".tujuan_pembelajaran (id, materi_pembelajaran_id, deskripsi_tujuan, urutan, created_at, updated_at) FROM stdin;
\.


--
-- Data for Name: users; Type: TABLE DATA; Schema: 20554021; Owner: postgres
--

COPY "20554021".users (id, email, password_hash, role, created_at, updated_at) FROM stdin;
eeb9de7f-6444-4db7-a997-532c34fc2738	admin.sdnu03@gmail.com	$2a$10$qQDyUc1R7NTGoo.FFthVDOSR2V/CF96s257dkEhrJQ//fPhBZLZwG	admin	2025-09-25 17:05:07.358615+07	2025-09-25 17:05:07.358615+07
906317cf-6c3a-4dc7-93ce-eb88c31cb609	fahmi.andi@email.com	$2a$10$2MBNB/LtLuwHP.n2ELQlJu5lPt9v/Vq2wq1iZhQAOT27W5htfRjx2	teacher	2025-09-25 17:39:25.944342+07	2025-09-25 17:39:25.944342+07
\.


--
-- Data for Name: naungan; Type: TABLE DATA; Schema: public; Owner: postgres
--

COPY public.naungan (id, nama_naungan, created_at, updated_at) FROM stdin;
912ac329-05cd-401f-ad1e-4bf92e7877de	Yayasan Pondok Pesantren Islam Bintang Sembilan	2025-09-22 11:16:06.114416+07	2025-09-22 20:27:13.278304+07
\.


--
-- Data for Name: tenants; Type: TABLE DATA; Schema: public; Owner: postgres
--

COPY public.tenants (id, nama_sekolah, schema_name, created_at, updated_at, naungan_id) FROM stdin;
a7fb6104-3b5d-496f-92b9-4a78c295bf00	SD NU 03 NURUL HUDA	20554021	2025-09-25 17:05:07.358615+07	2025-09-25 17:05:07.358615+07	912ac329-05cd-401f-ad1e-4bf92e7877de
\.


--
-- Data for Name: users; Type: TABLE DATA; Schema: public; Owner: postgres
--

COPY public.users (id, email, password_hash, role, created_at, updated_at) FROM stdin;
dad01df5-1937-48cf-829a-7c0446f4f760	superadmin@skoola.com	$2a$10$zyDKgGO5pqFHaDLiEjVuReurOF5G7r.CFeXCvii7VE2JT3Egs8/GW	superadmin	2025-09-18 16:23:58.296655+07	2025-09-18 16:23:58.296655+07
\.


--
-- Name: fase_id_seq; Type: SEQUENCE SET; Schema: 20554021; Owner: postgres
--

SELECT pg_catalog.setval('"20554021".fase_id_seq', 1, true);


--
-- Name: jabatan_id_seq; Type: SEQUENCE SET; Schema: 20554021; Owner: postgres
--

SELECT pg_catalog.setval('"20554021".jabatan_id_seq', 5, true);


--
-- Name: jenjang_pendidikan_id_seq; Type: SEQUENCE SET; Schema: 20554021; Owner: postgres
--

SELECT pg_catalog.setval('"20554021".jenjang_pendidikan_id_seq', 4, true);


--
-- Name: kelompok_mata_pelajaran_id_seq; Type: SEQUENCE SET; Schema: 20554021; Owner: postgres
--

SELECT pg_catalog.setval('"20554021".kelompok_mata_pelajaran_id_seq', 6, true);


--
-- Name: kurikulum_id_seq; Type: SEQUENCE SET; Schema: 20554021; Owner: postgres
--

SELECT pg_catalog.setval('"20554021".kurikulum_id_seq', 1, true);


--
-- Name: materi_pembelajaran_id_seq; Type: SEQUENCE SET; Schema: 20554021; Owner: postgres
--

SELECT pg_catalog.setval('"20554021".materi_pembelajaran_id_seq', 1, false);


--
-- Name: penilaian_id_seq; Type: SEQUENCE SET; Schema: 20554021; Owner: postgres
--

SELECT pg_catalog.setval('"20554021".penilaian_id_seq', 1, false);


--
-- Name: tingkatan_id_seq; Type: SEQUENCE SET; Schema: 20554021; Owner: postgres
--

SELECT pg_catalog.setval('"20554021".tingkatan_id_seq', 6, true);


--
-- Name: tujuan_pembelajaran_id_seq; Type: SEQUENCE SET; Schema: 20554021; Owner: postgres
--

SELECT pg_catalog.setval('"20554021".tujuan_pembelajaran_id_seq', 1, false);


--
-- Name: anggota_kelas anggota_kelas_kelas_student_unique; Type: CONSTRAINT; Schema: 20554021; Owner: postgres
--

ALTER TABLE ONLY "20554021".anggota_kelas
    ADD CONSTRAINT anggota_kelas_kelas_student_unique UNIQUE (kelas_id, student_id);


--
-- Name: anggota_kelas anggota_kelas_pkey; Type: CONSTRAINT; Schema: 20554021; Owner: postgres
--

ALTER TABLE ONLY "20554021".anggota_kelas
    ADD CONSTRAINT anggota_kelas_pkey PRIMARY KEY (id);


--
-- Name: fase fase_pkey; Type: CONSTRAINT; Schema: 20554021; Owner: postgres
--

ALTER TABLE ONLY "20554021".fase
    ADD CONSTRAINT fase_pkey PRIMARY KEY (id);


--
-- Name: jabatan jabatan_pkey; Type: CONSTRAINT; Schema: 20554021; Owner: postgres
--

ALTER TABLE ONLY "20554021".jabatan
    ADD CONSTRAINT jabatan_pkey PRIMARY KEY (id);


--
-- Name: jenjang_pendidikan jenjang_pendidikan_pkey; Type: CONSTRAINT; Schema: 20554021; Owner: postgres
--

ALTER TABLE ONLY "20554021".jenjang_pendidikan
    ADD CONSTRAINT jenjang_pendidikan_pkey PRIMARY KEY (id);


--
-- Name: kelas kelas_nama_tahun_ajaran_unique; Type: CONSTRAINT; Schema: 20554021; Owner: postgres
--

ALTER TABLE ONLY "20554021".kelas
    ADD CONSTRAINT kelas_nama_tahun_ajaran_unique UNIQUE (nama_kelas, tahun_ajaran_id);


--
-- Name: kelas kelas_pkey; Type: CONSTRAINT; Schema: 20554021; Owner: postgres
--

ALTER TABLE ONLY "20554021".kelas
    ADD CONSTRAINT kelas_pkey PRIMARY KEY (id);


--
-- Name: kelompok_mata_pelajaran kelompok_mata_pelajaran_pkey; Type: CONSTRAINT; Schema: 20554021; Owner: postgres
--

ALTER TABLE ONLY "20554021".kelompok_mata_pelajaran
    ADD CONSTRAINT kelompok_mata_pelajaran_pkey PRIMARY KEY (id);


--
-- Name: kurikulum kurikulum_pkey; Type: CONSTRAINT; Schema: 20554021; Owner: postgres
--

ALTER TABLE ONLY "20554021".kurikulum
    ADD CONSTRAINT kurikulum_pkey PRIMARY KEY (id);


--
-- Name: mata_pelajaran mata_pelajaran_kode_mapel_unique; Type: CONSTRAINT; Schema: 20554021; Owner: postgres
--

ALTER TABLE ONLY "20554021".mata_pelajaran
    ADD CONSTRAINT mata_pelajaran_kode_mapel_unique UNIQUE (kode_mapel);


--
-- Name: mata_pelajaran mata_pelajaran_pkey; Type: CONSTRAINT; Schema: 20554021; Owner: postgres
--

ALTER TABLE ONLY "20554021".mata_pelajaran
    ADD CONSTRAINT mata_pelajaran_pkey PRIMARY KEY (id);


--
-- Name: materi_pembelajaran materi_pembelajaran_pkey; Type: CONSTRAINT; Schema: 20554021; Owner: postgres
--

ALTER TABLE ONLY "20554021".materi_pembelajaran
    ADD CONSTRAINT materi_pembelajaran_pkey PRIMARY KEY (id);


--
-- Name: pemetaan_kurikulum pemetaan_kurikulum_pkey; Type: CONSTRAINT; Schema: 20554021; Owner: postgres
--

ALTER TABLE ONLY "20554021".pemetaan_kurikulum
    ADD CONSTRAINT pemetaan_kurikulum_pkey PRIMARY KEY (tahun_ajaran_id, kurikulum_id, tingkatan_id);


--
-- Name: pengajar_kelas pengajar_kelas_pkey; Type: CONSTRAINT; Schema: 20554021; Owner: postgres
--

ALTER TABLE ONLY "20554021".pengajar_kelas
    ADD CONSTRAINT pengajar_kelas_pkey PRIMARY KEY (id);


--
-- Name: pengajar_kelas pengajar_kelas_unique; Type: CONSTRAINT; Schema: 20554021; Owner: postgres
--

ALTER TABLE ONLY "20554021".pengajar_kelas
    ADD CONSTRAINT pengajar_kelas_unique UNIQUE (kelas_id, teacher_id, mata_pelajaran_id);


--
-- Name: penilaian penilaian_anggota_tp_unique; Type: CONSTRAINT; Schema: 20554021; Owner: postgres
--

ALTER TABLE ONLY "20554021".penilaian
    ADD CONSTRAINT penilaian_anggota_tp_unique UNIQUE (anggota_kelas_id, tujuan_pembelajaran_id);


--
-- Name: penilaian penilaian_pkey; Type: CONSTRAINT; Schema: 20554021; Owner: postgres
--

ALTER TABLE ONLY "20554021".penilaian
    ADD CONSTRAINT penilaian_pkey PRIMARY KEY (id);


--
-- Name: profil_sekolah profil_sekolah_pkey; Type: CONSTRAINT; Schema: 20554021; Owner: postgres
--

ALTER TABLE ONLY "20554021".profil_sekolah
    ADD CONSTRAINT profil_sekolah_pkey PRIMARY KEY (id);


--
-- Name: riwayat_akademik riwayat_akademik_pkey; Type: CONSTRAINT; Schema: 20554021; Owner: postgres
--

ALTER TABLE ONLY "20554021".riwayat_akademik
    ADD CONSTRAINT riwayat_akademik_pkey PRIMARY KEY (id);


--
-- Name: riwayat_kepegawaian riwayat_kepegawaian_pkey; Type: CONSTRAINT; Schema: 20554021; Owner: postgres
--

ALTER TABLE ONLY "20554021".riwayat_kepegawaian
    ADD CONSTRAINT riwayat_kepegawaian_pkey PRIMARY KEY (id);


--
-- Name: students students_nis_key; Type: CONSTRAINT; Schema: 20554021; Owner: postgres
--

ALTER TABLE ONLY "20554021".students
    ADD CONSTRAINT students_nis_key UNIQUE (nis);


--
-- Name: students students_nisn_key; Type: CONSTRAINT; Schema: 20554021; Owner: postgres
--

ALTER TABLE ONLY "20554021".students
    ADD CONSTRAINT students_nisn_key UNIQUE (nisn);


--
-- Name: students students_pkey; Type: CONSTRAINT; Schema: 20554021; Owner: postgres
--

ALTER TABLE ONLY "20554021".students
    ADD CONSTRAINT students_pkey PRIMARY KEY (id);


--
-- Name: tahun_ajaran_kurikulum tahun_ajaran_kurikulum_pkey; Type: CONSTRAINT; Schema: 20554021; Owner: postgres
--

ALTER TABLE ONLY "20554021".tahun_ajaran_kurikulum
    ADD CONSTRAINT tahun_ajaran_kurikulum_pkey PRIMARY KEY (tahun_ajaran_id, kurikulum_id);


--
-- Name: tahun_ajaran tahun_ajaran_nama_semester_unique; Type: CONSTRAINT; Schema: 20554021; Owner: postgres
--

ALTER TABLE ONLY "20554021".tahun_ajaran
    ADD CONSTRAINT tahun_ajaran_nama_semester_unique UNIQUE (nama_tahun_ajaran, semester);


--
-- Name: tahun_ajaran tahun_ajaran_pkey; Type: CONSTRAINT; Schema: 20554021; Owner: postgres
--

ALTER TABLE ONLY "20554021".tahun_ajaran
    ADD CONSTRAINT tahun_ajaran_pkey PRIMARY KEY (id);


--
-- Name: teachers teachers_pkey; Type: CONSTRAINT; Schema: 20554021; Owner: postgres
--

ALTER TABLE ONLY "20554021".teachers
    ADD CONSTRAINT teachers_pkey PRIMARY KEY (id);


--
-- Name: tingkatan tingkatan_nama_tingkatan_key; Type: CONSTRAINT; Schema: 20554021; Owner: postgres
--

ALTER TABLE ONLY "20554021".tingkatan
    ADD CONSTRAINT tingkatan_nama_tingkatan_key UNIQUE (nama_tingkatan);


--
-- Name: tingkatan tingkatan_pkey; Type: CONSTRAINT; Schema: 20554021; Owner: postgres
--

ALTER TABLE ONLY "20554021".tingkatan
    ADD CONSTRAINT tingkatan_pkey PRIMARY KEY (id);


--
-- Name: tujuan_pembelajaran tujuan_pembelajaran_pkey; Type: CONSTRAINT; Schema: 20554021; Owner: postgres
--

ALTER TABLE ONLY "20554021".tujuan_pembelajaran
    ADD CONSTRAINT tujuan_pembelajaran_pkey PRIMARY KEY (id);


--
-- Name: users users_email_key; Type: CONSTRAINT; Schema: 20554021; Owner: postgres
--

ALTER TABLE ONLY "20554021".users
    ADD CONSTRAINT users_email_key UNIQUE (email);


--
-- Name: users users_pkey; Type: CONSTRAINT; Schema: 20554021; Owner: postgres
--

ALTER TABLE ONLY "20554021".users
    ADD CONSTRAINT users_pkey PRIMARY KEY (id);


--
-- Name: naungan naungan_pkey; Type: CONSTRAINT; Schema: public; Owner: postgres
--

ALTER TABLE ONLY public.naungan
    ADD CONSTRAINT naungan_pkey PRIMARY KEY (id);


--
-- Name: tenants tenants_pkey; Type: CONSTRAINT; Schema: public; Owner: postgres
--

ALTER TABLE ONLY public.tenants
    ADD CONSTRAINT tenants_pkey PRIMARY KEY (id);


--
-- Name: tenants tenants_schema_name_key; Type: CONSTRAINT; Schema: public; Owner: postgres
--

ALTER TABLE ONLY public.tenants
    ADD CONSTRAINT tenants_schema_name_key UNIQUE (schema_name);


--
-- Name: users users_email_key; Type: CONSTRAINT; Schema: public; Owner: postgres
--

ALTER TABLE ONLY public.users
    ADD CONSTRAINT users_email_key UNIQUE (email);


--
-- Name: users users_pkey; Type: CONSTRAINT; Schema: public; Owner: postgres
--

ALTER TABLE ONLY public.users
    ADD CONSTRAINT users_pkey PRIMARY KEY (id);


--
-- Name: idx_anggota_kelas_kelas_id; Type: INDEX; Schema: 20554021; Owner: postgres
--

CREATE INDEX idx_anggota_kelas_kelas_id ON "20554021".anggota_kelas USING btree (kelas_id);


--
-- Name: idx_jabatan_nama; Type: INDEX; Schema: 20554021; Owner: postgres
--

CREATE INDEX idx_jabatan_nama ON "20554021".jabatan USING btree (nama_jabatan);


--
-- Name: idx_jenjang_pendidikan_nama; Type: INDEX; Schema: 20554021; Owner: postgres
--

CREATE INDEX idx_jenjang_pendidikan_nama ON "20554021".jenjang_pendidikan USING btree (nama_jenjang);


--
-- Name: idx_kelas_tahun_ajaran_id; Type: INDEX; Schema: 20554021; Owner: postgres
--

CREATE INDEX idx_kelas_tahun_ajaran_id ON "20554021".kelas USING btree (tahun_ajaran_id);


--
-- Name: idx_mata_pelajaran_kelompok_id; Type: INDEX; Schema: 20554021; Owner: postgres
--

CREATE INDEX idx_mata_pelajaran_kelompok_id ON "20554021".mata_pelajaran USING btree (kelompok_id);


--
-- Name: idx_mata_pelajaran_nama_mapel; Type: INDEX; Schema: 20554021; Owner: postgres
--

CREATE INDEX idx_mata_pelajaran_nama_mapel ON "20554021".mata_pelajaran USING btree (nama_mapel);


--
-- Name: idx_mata_pelajaran_parent_id; Type: INDEX; Schema: 20554021; Owner: postgres
--

CREATE INDEX idx_mata_pelajaran_parent_id ON "20554021".mata_pelajaran USING btree (parent_id);


--
-- Name: idx_mata_pelajaran_urutan; Type: INDEX; Schema: 20554021; Owner: postgres
--

CREATE INDEX idx_mata_pelajaran_urutan ON "20554021".mata_pelajaran USING btree (urutan);


--
-- Name: idx_materi_pembelajaran_pengajar_kelas_id; Type: INDEX; Schema: 20554021; Owner: postgres
--

CREATE INDEX idx_materi_pembelajaran_pengajar_kelas_id ON "20554021".materi_pembelajaran USING btree (pengajar_kelas_id);


--
-- Name: idx_pemetaan_kurikulum_kurikulum; Type: INDEX; Schema: 20554021; Owner: postgres
--

CREATE INDEX idx_pemetaan_kurikulum_kurikulum ON "20554021".pemetaan_kurikulum USING btree (kurikulum_id);


--
-- Name: idx_pemetaan_kurikulum_tahun_ajaran; Type: INDEX; Schema: 20554021; Owner: postgres
--

CREATE INDEX idx_pemetaan_kurikulum_tahun_ajaran ON "20554021".pemetaan_kurikulum USING btree (tahun_ajaran_id);


--
-- Name: idx_pengajar_kelas_kelas_id; Type: INDEX; Schema: 20554021; Owner: postgres
--

CREATE INDEX idx_pengajar_kelas_kelas_id ON "20554021".pengajar_kelas USING btree (kelas_id);


--
-- Name: idx_penilaian_anggota_kelas_id; Type: INDEX; Schema: 20554021; Owner: postgres
--

CREATE INDEX idx_penilaian_anggota_kelas_id ON "20554021".penilaian USING btree (anggota_kelas_id);


--
-- Name: idx_penilaian_tp_id; Type: INDEX; Schema: 20554021; Owner: postgres
--

CREATE INDEX idx_penilaian_tp_id ON "20554021".penilaian USING btree (tujuan_pembelajaran_id);


--
-- Name: idx_riwayat_akademik_student_id; Type: INDEX; Schema: 20554021; Owner: postgres
--

CREATE INDEX idx_riwayat_akademik_student_id ON "20554021".riwayat_akademik USING btree (student_id);


--
-- Name: idx_riwayat_kepegawaian_teacher_id; Type: INDEX; Schema: 20554021; Owner: postgres
--

CREATE INDEX idx_riwayat_kepegawaian_teacher_id ON "20554021".riwayat_kepegawaian USING btree (teacher_id);


--
-- Name: idx_students_nama_lengkap; Type: INDEX; Schema: 20554021; Owner: postgres
--

CREATE INDEX idx_students_nama_lengkap ON "20554021".students USING btree (nama_lengkap);


--
-- Name: idx_tahun_ajaran_kepala_sekolah_id; Type: INDEX; Schema: 20554021; Owner: postgres
--

CREATE INDEX idx_tahun_ajaran_kepala_sekolah_id ON "20554021".tahun_ajaran USING btree (kepala_sekolah_id);


--
-- Name: idx_tahun_ajaran_kurikulum_keys; Type: INDEX; Schema: 20554021; Owner: postgres
--

CREATE INDEX idx_tahun_ajaran_kurikulum_keys ON "20554021".tahun_ajaran_kurikulum USING btree (tahun_ajaran_id, kurikulum_id);


--
-- Name: idx_tingkatan_nama; Type: INDEX; Schema: 20554021; Owner: postgres
--

CREATE INDEX idx_tingkatan_nama ON "20554021".tingkatan USING btree (nama_tingkatan);


--
-- Name: idx_tujuan_pembelajaran_materi_id; Type: INDEX; Schema: 20554021; Owner: postgres
--

CREATE INDEX idx_tujuan_pembelajaran_materi_id ON "20554021".tujuan_pembelajaran USING btree (materi_pembelajaran_id);


--
-- Name: idx_tenants_naungan_id; Type: INDEX; Schema: public; Owner: postgres
--

CREATE INDEX idx_tenants_naungan_id ON public.tenants USING btree (naungan_id);


--
-- Name: anggota_kelas anggota_kelas_kelas_id_fkey; Type: FK CONSTRAINT; Schema: 20554021; Owner: postgres
--

ALTER TABLE ONLY "20554021".anggota_kelas
    ADD CONSTRAINT anggota_kelas_kelas_id_fkey FOREIGN KEY (kelas_id) REFERENCES "20554021".kelas(id) ON DELETE CASCADE;


--
-- Name: anggota_kelas anggota_kelas_student_id_fkey; Type: FK CONSTRAINT; Schema: 20554021; Owner: postgres
--

ALTER TABLE ONLY "20554021".anggota_kelas
    ADD CONSTRAINT anggota_kelas_student_id_fkey FOREIGN KEY (student_id) REFERENCES "20554021".students(id) ON DELETE CASCADE;


--
-- Name: kelas kelas_tahun_ajaran_id_fkey; Type: FK CONSTRAINT; Schema: 20554021; Owner: postgres
--

ALTER TABLE ONLY "20554021".kelas
    ADD CONSTRAINT kelas_tahun_ajaran_id_fkey FOREIGN KEY (tahun_ajaran_id) REFERENCES "20554021".tahun_ajaran(id) ON DELETE CASCADE;


--
-- Name: kelas kelas_tingkatan_id_fkey; Type: FK CONSTRAINT; Schema: 20554021; Owner: postgres
--

ALTER TABLE ONLY "20554021".kelas
    ADD CONSTRAINT kelas_tingkatan_id_fkey FOREIGN KEY (tingkatan_id) REFERENCES "20554021".tingkatan(id) ON DELETE RESTRICT;


--
-- Name: kelas kelas_wali_kelas_id_fkey; Type: FK CONSTRAINT; Schema: 20554021; Owner: postgres
--

ALTER TABLE ONLY "20554021".kelas
    ADD CONSTRAINT kelas_wali_kelas_id_fkey FOREIGN KEY (wali_kelas_id) REFERENCES "20554021".teachers(id) ON DELETE SET NULL;


--
-- Name: mata_pelajaran mata_pelajaran_kelompok_id_fkey; Type: FK CONSTRAINT; Schema: 20554021; Owner: postgres
--

ALTER TABLE ONLY "20554021".mata_pelajaran
    ADD CONSTRAINT mata_pelajaran_kelompok_id_fkey FOREIGN KEY (kelompok_id) REFERENCES "20554021".kelompok_mata_pelajaran(id) ON DELETE SET NULL;


--
-- Name: mata_pelajaran mata_pelajaran_parent_id_fkey; Type: FK CONSTRAINT; Schema: 20554021; Owner: postgres
--

ALTER TABLE ONLY "20554021".mata_pelajaran
    ADD CONSTRAINT mata_pelajaran_parent_id_fkey FOREIGN KEY (parent_id) REFERENCES "20554021".mata_pelajaran(id) ON DELETE SET NULL;


--
-- Name: materi_pembelajaran materi_pembelajaran_pengajar_kelas_id_fkey; Type: FK CONSTRAINT; Schema: 20554021; Owner: postgres
--

ALTER TABLE ONLY "20554021".materi_pembelajaran
    ADD CONSTRAINT materi_pembelajaran_pengajar_kelas_id_fkey FOREIGN KEY (pengajar_kelas_id) REFERENCES "20554021".pengajar_kelas(id) ON DELETE CASCADE;


--
-- Name: pemetaan_kurikulum pemetaan_kurikulum_fase_id_fkey; Type: FK CONSTRAINT; Schema: 20554021; Owner: postgres
--

ALTER TABLE ONLY "20554021".pemetaan_kurikulum
    ADD CONSTRAINT pemetaan_kurikulum_fase_id_fkey FOREIGN KEY (fase_id) REFERENCES "20554021".fase(id) ON DELETE CASCADE;


--
-- Name: pemetaan_kurikulum pemetaan_kurikulum_fkey; Type: FK CONSTRAINT; Schema: 20554021; Owner: postgres
--

ALTER TABLE ONLY "20554021".pemetaan_kurikulum
    ADD CONSTRAINT pemetaan_kurikulum_fkey FOREIGN KEY (tahun_ajaran_id, kurikulum_id) REFERENCES "20554021".tahun_ajaran_kurikulum(tahun_ajaran_id, kurikulum_id) ON DELETE CASCADE;


--
-- Name: pemetaan_kurikulum pemetaan_kurikulum_tingkatan_id_fkey; Type: FK CONSTRAINT; Schema: 20554021; Owner: postgres
--

ALTER TABLE ONLY "20554021".pemetaan_kurikulum
    ADD CONSTRAINT pemetaan_kurikulum_tingkatan_id_fkey FOREIGN KEY (tingkatan_id) REFERENCES "20554021".tingkatan(id) ON DELETE CASCADE;


--
-- Name: pengajar_kelas pengajar_kelas_kelas_id_fkey; Type: FK CONSTRAINT; Schema: 20554021; Owner: postgres
--

ALTER TABLE ONLY "20554021".pengajar_kelas
    ADD CONSTRAINT pengajar_kelas_kelas_id_fkey FOREIGN KEY (kelas_id) REFERENCES "20554021".kelas(id) ON DELETE CASCADE;


--
-- Name: pengajar_kelas pengajar_kelas_mata_pelajaran_id_fkey; Type: FK CONSTRAINT; Schema: 20554021; Owner: postgres
--

ALTER TABLE ONLY "20554021".pengajar_kelas
    ADD CONSTRAINT pengajar_kelas_mata_pelajaran_id_fkey FOREIGN KEY (mata_pelajaran_id) REFERENCES "20554021".mata_pelajaran(id) ON DELETE CASCADE;


--
-- Name: pengajar_kelas pengajar_kelas_teacher_id_fkey; Type: FK CONSTRAINT; Schema: 20554021; Owner: postgres
--

ALTER TABLE ONLY "20554021".pengajar_kelas
    ADD CONSTRAINT pengajar_kelas_teacher_id_fkey FOREIGN KEY (teacher_id) REFERENCES "20554021".teachers(id) ON DELETE CASCADE;


--
-- Name: penilaian penilaian_anggota_kelas_id_fkey; Type: FK CONSTRAINT; Schema: 20554021; Owner: postgres
--

ALTER TABLE ONLY "20554021".penilaian
    ADD CONSTRAINT penilaian_anggota_kelas_id_fkey FOREIGN KEY (anggota_kelas_id) REFERENCES "20554021".anggota_kelas(id) ON DELETE CASCADE;


--
-- Name: penilaian penilaian_tujuan_pembelajaran_id_fkey; Type: FK CONSTRAINT; Schema: 20554021; Owner: postgres
--

ALTER TABLE ONLY "20554021".penilaian
    ADD CONSTRAINT penilaian_tujuan_pembelajaran_id_fkey FOREIGN KEY (tujuan_pembelajaran_id) REFERENCES "20554021".tujuan_pembelajaran(id) ON DELETE CASCADE;


--
-- Name: riwayat_akademik riwayat_akademik_student_id_fkey; Type: FK CONSTRAINT; Schema: 20554021; Owner: postgres
--

ALTER TABLE ONLY "20554021".riwayat_akademik
    ADD CONSTRAINT riwayat_akademik_student_id_fkey FOREIGN KEY (student_id) REFERENCES "20554021".students(id) ON DELETE CASCADE;


--
-- Name: riwayat_kepegawaian riwayat_kepegawaian_teacher_id_fkey; Type: FK CONSTRAINT; Schema: 20554021; Owner: postgres
--

ALTER TABLE ONLY "20554021".riwayat_kepegawaian
    ADD CONSTRAINT riwayat_kepegawaian_teacher_id_fkey FOREIGN KEY (teacher_id) REFERENCES "20554021".teachers(id) ON DELETE CASCADE;


--
-- Name: tahun_ajaran tahun_ajaran_kepala_sekolah_id_fkey; Type: FK CONSTRAINT; Schema: 20554021; Owner: postgres
--

ALTER TABLE ONLY "20554021".tahun_ajaran
    ADD CONSTRAINT tahun_ajaran_kepala_sekolah_id_fkey FOREIGN KEY (kepala_sekolah_id) REFERENCES "20554021".teachers(id) ON DELETE SET NULL;


--
-- Name: tahun_ajaran_kurikulum tahun_ajaran_kurikulum_kurikulum_id_fkey; Type: FK CONSTRAINT; Schema: 20554021; Owner: postgres
--

ALTER TABLE ONLY "20554021".tahun_ajaran_kurikulum
    ADD CONSTRAINT tahun_ajaran_kurikulum_kurikulum_id_fkey FOREIGN KEY (kurikulum_id) REFERENCES "20554021".kurikulum(id) ON DELETE CASCADE;


--
-- Name: tahun_ajaran_kurikulum tahun_ajaran_kurikulum_tahun_ajaran_id_fkey; Type: FK CONSTRAINT; Schema: 20554021; Owner: postgres
--

ALTER TABLE ONLY "20554021".tahun_ajaran_kurikulum
    ADD CONSTRAINT tahun_ajaran_kurikulum_tahun_ajaran_id_fkey FOREIGN KEY (tahun_ajaran_id) REFERENCES "20554021".tahun_ajaran(id) ON DELETE CASCADE;


--
-- Name: teachers teachers_user_id_fkey; Type: FK CONSTRAINT; Schema: 20554021; Owner: postgres
--

ALTER TABLE ONLY "20554021".teachers
    ADD CONSTRAINT teachers_user_id_fkey FOREIGN KEY (user_id) REFERENCES "20554021".users(id) ON DELETE CASCADE;


--
-- Name: tujuan_pembelajaran tujuan_pembelajaran_materi_pembelajaran_id_fkey; Type: FK CONSTRAINT; Schema: 20554021; Owner: postgres
--

ALTER TABLE ONLY "20554021".tujuan_pembelajaran
    ADD CONSTRAINT tujuan_pembelajaran_materi_pembelajaran_id_fkey FOREIGN KEY (materi_pembelajaran_id) REFERENCES "20554021".materi_pembelajaran(id) ON DELETE CASCADE;


--
-- Name: tenants tenants_naungan_id_fkey; Type: FK CONSTRAINT; Schema: public; Owner: postgres
--

ALTER TABLE ONLY public.tenants
    ADD CONSTRAINT tenants_naungan_id_fkey FOREIGN KEY (naungan_id) REFERENCES public.naungan(id) ON DELETE SET NULL;


--
-- PostgreSQL database dump complete
--

\unrestrict KunGsaOc2RtgDO70kVoSehhWWmojccZ6hmcbHHNgU2xXKt9gZ7cFCRFeIp4UQdV

